epoch,loss
1,2.6377968968028
2,2.62789707507014
3,2.629138490123212
4,2.6293767443703264
5,2.6255844572316045
6,2.6266443705009985
7,2.6267068855597846
8,2.6243732420684736
9,2.624356300629618
10,2.624003660038609
