epoch,accuracy
1,0.09524423123011008
2,0.0961762633784424
3,0.09476821559131184
4,0.09507201371542975
5,0.09653190202425088
6,0.09660259876257318
7,0.09654149566622228
8,0.09704345472090309
9,0.09626443477233163
10,0.09885126040519579
